,user_id,login_time,logout_time
0,1,2024-10-21 17:51:11,2024-10-21 21:23:47
1,2,2024-10-21 05:38:39,2024-10-21 07:10:50
2,3,2024-10-21 10:27:11,2024-10-21 11:03:27
3,4,2024-10-21 10:31:14,2024-10-21 12:05:04
4,5,2024-10-21 14:40:47,2024-10-21 16:19:47
5,6,2024-10-21 13:08:12,2024-10-21 14:41:39
6,7,2024-10-21 19:04:48,2024-10-21 22:49:21
7,8,2024-10-21 16:26:03,2024-10-21 16:41:34
8,9,2024-10-21 08:14:15,2024-10-21 12:08:57
9,10,2024-10-21 16:23:18,2024-10-21 18:17:48
10,11,2024-10-21 04:16:25,2024-10-21 06:42:51
11,12,2024-10-21 03:41:33,2024-10-21 07:14:07
12,13,2024-10-21 09:09:20,2024-10-21 10:37:12
13,14,2024-10-21 02:22:10,2024-10-21 02:37:55
14,15,2024-10-21 10:45:16,2024-10-21 13:26:25
15,16,2024-10-21 19:52:15,2024-10-21 19:58:11
16,17,2024-10-21 16:38:47,2024-10-21 17:28:55
17,18,2024-10-21 09:46:07,2024-10-21 11:34:39
18,19,2024-10-21 16:52:13,2024-10-21 20:14:32
19,20,2024-10-21 16:00:22,2024-10-21 18:39:06
20,21,2024-10-21 13:49:07,2024-10-21 15:33:28
21,22,2024-10-21 15:56:16,2024-10-21 16:36:19
22,23,2024-10-21 12:30:33,2024-10-21 13:15:16
23,24,2024-10-21 00:57:36,2024-10-21 03:10:19
24,25,2024-10-21 06:29:22,2024-10-21 08:21:38
25,26,2024-10-21 00:33:59,2024-10-21 00:53:28
26,27,2024-10-21 21:40:01,2024-10-21 22:12:03
27,28,2024-10-21 09:17:48,2024-10-21 13:10:57
28,29,2024-10-21 12:14:57,2024-10-21 14:33:55
29,30,2024-10-21 20:19:26,2024-10-22 00:19:20
30,31,2024-10-21 09:14:21,2024-10-21 09:36:36
31,32,2024-10-21 00:16:48,2024-10-21 04:14:57
32,33,2024-10-21 10:28:52,2024-10-21 12:28:18
33,34,2024-10-21 10:41:24,2024-10-21 11:52:01
34,35,2024-10-21 17:00:39,2024-10-21 20:42:17
35,36,2024-10-21 06:25:49,2024-10-21 07:53:20
36,37,2024-10-21 05:21:49,2024-10-21 08:32:58
37,38,2024-10-21 17:57:05,2024-10-21 20:56:39
38,39,2024-10-21 03:36:20,2024-10-21 05:11:47
39,40,2024-10-21 23:15:16,2024-10-22 02:54:49
40,41,2024-10-21 10:01:25,2024-10-21 12:28:59
41,42,2024-10-21 08:45:22,2024-10-21 12:41:59
42,43,2024-10-21 21:38:17,2024-10-21 22:39:03
43,44,2024-10-21 11:34:31,2024-10-21 13:53:58
44,45,2024-10-21 04:28:11,2024-10-21 08:07:12
45,46,2024-10-21 07:22:14,2024-10-21 09:36:00
46,47,2024-10-21 00:37:39,2024-10-21 02:19:37
47,48,2024-10-21 01:23:04,2024-10-21 02:12:51
48,49,2024-10-21 00:47:01,2024-10-21 01:49:18
49,50,2024-10-21 02:26:59,2024-10-21 04:58:03
50,51,2024-10-21 12:15:50,2024-10-21 13:19:49
51,52,2024-10-21 15:29:01,2024-10-21 17:49:07
52,53,2024-10-21 04:25:49,2024-10-21 04:37:47
53,54,2024-10-21 10:50:54,2024-10-21 12:47:46
54,55,2024-10-21 17:58:38,2024-10-21 18:26:10
55,56,2024-10-21 04:06:35,2024-10-21 07:12:31
56,57,2024-10-21 02:28:59,2024-10-21 04:41:57
57,58,2024-10-21 17:32:22,2024-10-21 19:58:09
58,59,2024-10-21 19:02:18,2024-10-21 20:59:02
59,60,2024-10-21 02:15:46,2024-10-21 05:15:24
60,61,2024-10-21 02:30:25,2024-10-21 03:29:54
61,62,2024-10-21 13:19:59,2024-10-21 14:37:26
62,63,2024-10-21 11:56:23,2024-10-21 14:21:46
63,64,2024-10-21 10:04:12,2024-10-21 13:07:15
64,65,2024-10-21 23:10:08,2024-10-22 02:49:53
65,66,2024-10-21 10:55:59,2024-10-21 11:16:06
66,67,2024-10-21 03:39:03,2024-10-21 04:11:32
67,68,2024-10-21 13:44:20,2024-10-21 17:37:42
68,69,2024-10-21 05:22:22,2024-10-21 08:41:41
69,70,2024-10-21 13:20:29,2024-10-21 15:44:17
70,71,2024-10-21 04:18:55,2024-10-21 07:23:16
71,72,2024-10-21 19:56:00,2024-10-21 23:51:47
72,73,2024-10-21 21:00:28,2024-10-21 23:25:48
73,74,2024-10-21 02:24:31,2024-10-21 03:48:15
74,75,2024-10-21 07:58:30,2024-10-21 10:20:52
75,76,2024-10-21 15:31:16,2024-10-21 18:16:54
76,77,2024-10-21 15:42:16,2024-10-21 16:50:21
77,78,2024-10-21 04:44:27,2024-10-21 05:29:14
78,79,2024-10-21 02:15:27,2024-10-21 02:36:47
79,80,2024-10-21 22:37:45,2024-10-21 23:44:25
80,81,2024-10-21 20:55:13,2024-10-21 21:53:10
81,82,2024-10-21 17:51:27,2024-10-21 18:38:00
82,83,2024-10-21 03:16:26,2024-10-21 06:39:08
83,84,2024-10-21 22:12:15,2024-10-21 23:37:51
84,85,2024-10-21 00:18:43,2024-10-21 02:27:49
85,86,2024-10-21 13:24:24,2024-10-21 17:18:55
86,87,2024-10-21 04:52:20,2024-10-21 06:14:32
87,88,2024-10-21 03:47:03,2024-10-21 07:39:20
88,89,2024-10-21 20:38:12,2024-10-21 21:35:43
89,90,2024-10-21 18:01:39,2024-10-21 20:33:05
90,91,2024-10-21 22:51:24,2024-10-22 02:03:14
91,92,2024-10-21 11:11:13,2024-10-21 13:18:49
92,93,2024-10-21 20:48:45,2024-10-21 23:29:51
93,94,2024-10-21 14:47:13,2024-10-21 16:56:45
94,95,2024-10-21 04:15:17,2024-10-21 05:14:40
95,96,2024-10-21 16:40:39,2024-10-21 18:35:39
96,97,2024-10-21 01:17:15,2024-10-21 01:34:40
97,98,2024-10-21 14:32:14,2024-10-21 16:28:23
98,99,2024-10-21 15:14:47,2024-10-21 16:49:06
99,100,2024-10-21 10:49:25,2024-10-21 13:55:13
